name,datetime,temp,feelslike,dew,humidity,precip,precipprob,preciptype,snow,snowdepth,windgust,windspeed,winddir,sealevelpressure,cloudcover,visibility,solarradiation,solarenergy,uvindex,severerisk,conditions,icon,stations
nantes,2023-11-29T00:00:00,37.3,37.3,35.5,93.26,0,0,,0,0,3.4,0.1,2,1011,67,2.5,0,0,0,10,Partially cloudy,partly-cloudy-night,"LFRZ,E0490,LFRS"
nantes,2023-11-29T01:00:00,35.5,35.5,35.5,100,0,0,,0,0,2.7,0,2,1011,68.6,3.1,0,0,0,10,Partially cloudy,partly-cloudy-night,"LFRZ,E0490,LFRS"
nantes,2023-11-29T02:00:00,35.6,32.9,35.6,100,0,0,,0,0,3.6,3.4,139,1010,88,3.1,0,0,0,10,Partially cloudy,partly-cloudy-night,"LFRZ,E0490,LFRS"
nantes,2023-11-29T03:00:00,33.8,33.8,32,93.15,0,0,,0,0,3.6,2.3,139,1010,88,0.7,0,0,0,10,Partially cloudy,fog,"LFRZ,E0490,LFRS"
nantes,2023-11-29T04:00:00,35.6,32.9,33.8,93.09,0,0,,0,0,4.9,3.4,139,1009,100,1.9,0,0,0,10,Overcast,cloudy,"LFRZ,E0490,LFRS"
nantes,2023-11-29T05:00:00,33.8,30.8,33.8,100,0,0,,0,0,6.3,3.4,149,1009,100,1.9,0,0,0,10,Overcast,cloudy,"LFRZ,E0490,LFRS"
nantes,2023-11-29T06:00:00,33.7,29.4,33.7,99.87,0,0,,0,0,7.2,4.7,129,1008,25,3.1,0,0,0,10,Partially cloudy,partly-cloudy-night,"LFRZ,E0490,LFRS"
nantes,2023-11-29T07:00:00,35.5,29.1,33.7,93.2,0,0,,0,0,7.2,8,129,1008,100,4.3,0,0,0,10,Overcast,cloudy,"LFRZ,E0490,LFRS"
nantes,2023-11-29T08:00:00,33.7,30.8,33.7,100,0,0,,0,0,7.2,3.4,139,1007,100,2.5,0,0,0,10,Overcast,cloudy,"LFRZ,E0490,LFRS"
nantes,2023-11-29T09:00:00,35.5,30.6,33.7,93.2,0,0,,0,0,7.4,5.8,139,1008,88,2.5,17,0.1,0,10,Partially cloudy,partly-cloudy-day,"LFRZ,E0490,LFRS"
nantes,2023-11-29T10:00:00,37.3,32,37.3,100,0,0,,0,0,9.2,6.9,139,1007,50,3.7,42,0.2,0,10,Partially cloudy,partly-cloudy-day,"LFRZ,E0490,LFRS"
nantes,2023-11-29T11:00:00,40.9,35.7,39.1,93.25,0,0,,0,0,10.3,8,150,1006,100,5.6,152,0.5,2,10,Overcast,cloudy,"LFRZ,E0490,LFRS"
nantes,2023-11-29T12:00:00,44.6,40.7,40.9,86.88,0,0,,0,0,9.8,6.9,160,1006,100,6.2,148,0.5,1,10,Overcast,cloudy,"LFRZ,E0490,LFRS"
nantes,2023-11-29T13:00:00,48.1,45.5,39.1,70.89,0,0,,0,0,12.5,5.9,170,1005,100,6.2,205,0.7,2,10,Overcast,cloudy,"LFRZ,E0490,LFRS"
nantes,2023-11-29T14:00:00,48.1,44,37.4,66.15,0,0,,0,0,11.9,9.2,170,1004,100,6.2,151,0.5,2,10,Overcast,cloudy,"LFRZ,E0490,LFRS"
nantes,2023-11-29T15:00:00,44,41.5,38.6,81.17,0,0,,0,0,10.7,4.5,121.1,1004,100,15,124,0.4,1,10,Overcast,cloudy,
nantes,2023-11-29T16:00:00,43.8,41.3,37.8,79.46,0,0,,0,0,9.4,4.5,120.4,1003,100,15,74,0.3,1,10,Overcast,cloudy,
nantes,2023-11-29T17:00:00,43.1,43.1,38.6,84.01,0,0,,0,0,8.1,2.5,80.4,1003,100,15,45,0.2,0,10,Overcast,cloudy,
nantes,2023-11-29T18:00:00,42.2,40.4,38.4,86.36,0,0,,0,0,6,3.4,77.1,1003,100,15,1,0,0,10,Overcast,cloudy,
nantes,2023-11-29T19:00:00,42,39.6,38.2,86.35,0,0,,0,0,8.1,4,72.1,1002,99.9,15,0,0,0,10,Overcast,cloudy,
nantes,2023-11-29T20:00:00,41.4,39.9,38.4,88.79,0,61.9,rain,0,0,6.9,3.1,69,1002,82.2,13,0,0,0,10,"Rain, Partially cloudy",rain,
nantes,2023-11-29T21:00:00,40.9,39,38.2,90.02,0,61.9,rain,0,0,5.8,3.4,73.3,1002,100,15,0,0,0,10,"Rain, Overcast",rain,
nantes,2023-11-29T22:00:00,40.7,38.8,37.7,88.75,0,61.9,rain,0,0,7.4,3.4,75.6,1002,100,12.3,0,0,0,10,"Rain, Overcast",rain,
nantes,2023-11-29T23:00:00,40.5,37.4,36.9,86.88,0,61.9,rain,0,0,8.3,4.7,76.3,1002,100,14.5,0,0,0,10,"Rain, Overcast",rain,
nantes,2023-11-30T00:00:00,40.4,38.2,36.8,86.87,0,61.9,rain,0,0,8.7,3.6,54.5,1001,100,10.7,0,0,0,10,"Rain, Overcast",rain,
nantes,2023-11-30T01:00:00,40.2,36.4,36.9,88.1,0,61.9,rain,0,0,9.6,5.4,61.9,1000,100,6.9,0,0,0,10,"Rain, Overcast",rain,
nantes,2023-11-30T02:00:00,40,36.7,36.9,88.72,0,23.8,rain,0,0,9.6,4.7,68.5,1000,100,15,0,0,0,10,Overcast,cloudy,
nantes,2023-11-30T03:00:00,39.6,36.1,36.4,88.07,0,23.8,,0,0,9.2,4.9,76.9,1000,100,15,0,0,0,10,Overcast,cloudy,
nantes,2023-11-30T04:00:00,39.5,35.1,36,87.44,0,23.8,,0,0,10.7,6,69,999,100,15,0,0,0,10,Overcast,cloudy,
nantes,2023-11-30T05:00:00,38.9,35.5,35.5,87.41,0,23.8,,0,0,11,4.7,82,998,70.6,15,0,0,0,10,Partially cloudy,partly-cloudy-night,
nantes,2023-11-30T06:00:00,38.4,35.2,35.3,88.64,0,23.8,,0,0,8.3,4.3,83.2,998,92.3,15,0,0,0,10,Overcast,cloudy,
nantes,2023-11-30T07:00:00,38.4,34.6,35.1,88.01,0,23.8,,0,0,8.7,4.9,82.7,998,82.7,15,0,0,0,10,Partially cloudy,partly-cloudy-night,
nantes,2023-11-30T08:00:00,37.7,34.4,35,89.88,0,19,,0,0,8.7,4.3,94.5,998,72.9,15,0,0,0,10,Partially cloudy,partly-cloudy-night,
nantes,2023-11-30T09:00:00,37.1,35,34.6,90.51,0.004,19,rain,0,0,7.4,3.1,110.9,999,75.7,15,2,0,0,10,Partially cloudy,partly-cloudy-day,
nantes,2023-11-30T10:00:00,38.7,35.6,35.1,86.78,0.004,19,rain,0,0,7.8,4.3,110.4,998,84.9,15,27,0.1,0,10,Partially cloudy,partly-cloudy-day,
nantes,2023-11-30T11:00:00,41.6,37,36,80.42,0.004,19,rain,0,0,15,7.2,111.9,997,37.6,4.7,40,0.1,0,10,Partially cloudy,partly-cloudy-day,
nantes,2023-11-30T12:00:00,44.1,41.4,38.4,80.05,0,19,,0,0,13,4.9,126.4,998,74.7,15,18,0.1,0,10,Partially cloudy,partly-cloudy-day,
nantes,2023-11-30T13:00:00,45.8,43.3,40.5,81.87,0.02,19,rain,0,0,13.6,4.9,142.4,997,83.2,14.1,21,0.1,0,10,Partially cloudy,partly-cloudy-day,
nantes,2023-11-30T14:00:00,47.7,45.2,42.9,83.16,0,23.8,rain,0,0,11,5.6,170.5,997,59.7,9.9,88,0.3,1,10,Partially cloudy,partly-cloudy-day,
nantes,2023-11-30T15:00:00,49.9,47.1,44,79.95,0,23.8,,0,0,13.6,6.9,258.8,997,77.1,15,11,0,0,10,Partially cloudy,partly-cloudy-day,
nantes,2023-11-30T16:00:00,49.7,47.7,43.8,79.94,0,23.8,,0,0,12.5,5.4,263.6,997,52.5,14.7,167,0.6,2,10,Partially cloudy,partly-cloudy-day,
nantes,2023-11-30T17:00:00,47.9,46.1,43.6,84.91,0,23.8,,0,0,9.8,4.5,249.2,997,52.5,15,51,0.2,1,10,Partially cloudy,partly-cloudy-day,
nantes,2023-11-30T18:00:00,45.8,45.8,43.1,90.23,0,23.8,,0,0,7.8,2.5,243,998,70.5,15,1,0,0,10,Partially cloudy,partly-cloudy-night,
nantes,2023-11-30T19:00:00,44.7,44.7,42.3,91.44,0,23.8,,0,0,4.3,2.2,235,998,66.3,15,0,0,0,10,Partially cloudy,partly-cloudy-night,
nantes,2023-11-30T20:00:00,43.6,43.6,41.6,92.68,0,42.9,,0,0,3.8,2.2,222.1,998,70.3,15,0,0,0,10,Partially cloudy,partly-cloudy-night,
nantes,2023-11-30T21:00:00,43.1,43.1,41.4,93.96,0,42.9,,0,0,3.8,2,222.6,998,70.1,15,0,0,0,10,Partially cloudy,partly-cloudy-night,
nantes,2023-11-30T22:00:00,42.7,42.7,41.1,93.95,0,42.9,,0,0,3.6,2.2,212.7,999,82.3,15,0,0,0,10,Partially cloudy,partly-cloudy-night,
nantes,2023-11-30T23:00:00,42,42,40.7,95.25,0,42.9,,0,0,3.6,1.8,223.9,999,82.3,15,0,0,0,10,Partially cloudy,partly-cloudy-night,
nantes,2023-12-01T00:00:00,41.8,41.8,40.4,94.58,0,42.9,,0,0,2.9,0.9,191.3,1000,92.2,15,0,0,0,10,Overcast,cloudy,
nantes,2023-12-01T01:00:00,41.4,41.4,40.5,96.58,0,42.9,,0,0,1.3,0.7,78.7,1000,100,15,0,0,0,10,Overcast,cloudy,
nantes,2023-12-01T02:00:00,40.9,40.9,40.2,97.25,0.004,28.6,rain,0,0,3.8,2.2,38,1000,85.9,15,0,0,0,10,Partially cloudy,partly-cloudy-night,
nantes,2023-12-01T03:00:00,40.5,40.5,39.6,96.57,0,28.6,,0,0,4.7,2.5,59.5,1001,88.3,15,0,0,0,10,Partially cloudy,partly-cloudy-night,
nantes,2023-12-01T04:00:00,40.9,40.9,39.8,95.9,0,28.6,,0,0,4.3,1.8,40.6,1001,76.5,15,0,0,0,10,Partially cloudy,partly-cloudy-night,
nantes,2023-12-01T05:00:00,40,36.9,38.9,95.88,0,28.6,,0,0,8.1,4.5,20.1,1001,74.6,15,0,0,0,10,Partially cloudy,partly-cloudy-night,
nantes,2023-12-01T06:00:00,39.8,36.7,38.2,93.87,0,28.6,,0,0,8.5,4.5,29.8,1001,91,15,0,0,0,10,Overcast,cloudy,
nantes,2023-12-01T07:00:00,39.6,35.2,38.2,94.53,0,28.6,,0,0,11.2,6.3,33.3,1002,96,15,0,0,0,10,Overcast,cloudy,
nantes,2023-12-01T08:00:00,39.1,34.1,37.1,92.53,0,14.3,,0,0,12.8,6.9,36.3,1003,92.6,15,0,0,0,10,Overcast,cloudy,
nantes,2023-12-01T09:00:00,38.7,33.4,36.8,92.52,0,14.3,,0,0,13.4,7.4,42.3,1004,95.8,15,2,0,0,10,Overcast,cloudy,
nantes,2023-12-01T10:00:00,39.3,33.6,36.6,89.95,0,14.3,,0,0,15.2,8.3,39.9,1004,94,15,25,0.1,0,10,Overcast,cloudy,
nantes,2023-12-01T11:00:00,40.7,35,36.9,86.27,0,14.3,,0,0,16.3,8.9,44.6,1005,76.2,15,67,0.2,1,10,Partially cloudy,partly-cloudy-day,
nantes,2023-12-01T12:00:00,42.2,37.2,37.3,82.77,0,14.3,,0,0,16.3,8.1,44.9,1005,71.4,15,83,0.3,1,10,Partially cloudy,partly-cloudy-day,
nantes,2023-12-01T13:00:00,42.5,37.5,37.1,81.06,0,14.3,,0,0,15.4,8.3,31.4,1005,78.8,15,102,0.4,1,10,Partially cloudy,partly-cloudy-day,
nantes,2023-12-01T14:00:00,42.5,37.3,36,77.68,0,9.5,rain,0,0,16.3,8.7,29.7,1005,81,15,96,0.3,1,10,Partially cloudy,partly-cloudy-day,
nantes,2023-12-01T15:00:00,42.3,37,35.3,76.02,0,9.5,,0,0,16.8,8.9,29.2,1006,76.5,15,45,0.2,0,10,Partially cloudy,partly-cloudy-day,
nantes,2023-12-01T16:00:00,41.8,36.3,34.8,75.97,0,9.5,,0,0,16.8,8.9,27.7,1006,76.3,15,24,0.1,0,10,Partially cloudy,partly-cloudy-day,
nantes,2023-12-01T17:00:00,40.7,35.8,34.4,78.08,0,9.5,,0,0,16.8,7.4,27.1,1007,52.9,15,14,0.1,0,10,Partially cloudy,partly-cloudy-day,
nantes,2023-12-01T18:00:00,39.1,34.5,34.2,82.56,0,9.5,,0,0,13.4,6.3,25.3,1007,53.4,15,0,0,0,10,Partially cloudy,partly-cloudy-night,
nantes,2023-12-01T19:00:00,37.3,34.4,33.3,85.46,0,9.5,,0,0,11,3.8,18.1,1008,0,15,0,0,0,10,Clear,clear-night,
nantes,2023-12-01T20:00:00,35.9,33.5,32.3,86.62,0,4.8,,0,0,6.5,3.1,0.9,1009,0,15,0,0,0,10,Clear,clear-night,
nantes,2023-12-01T21:00:00,34.6,31.3,31.2,87.18,0,4.8,,0,0,6.7,3.8,6.5,1010,0,15,0,0,0,10,Clear,clear-night,
nantes,2023-12-01T22:00:00,34.1,31.2,29.9,84.64,0,4.8,,0,0,6.7,3.4,2.5,1010,0,15,0,0,0,10,Clear,clear-night,
nantes,2023-12-01T23:00:00,33.3,33.3,28.8,83.36,0,4.8,,0,0,5.8,2.9,0.5,1010,0,15,0,0,0,10,Clear,clear-night,
nantes,2023-12-02T00:00:00,33,33,28.7,83.95,0,4.8,,0,0,5.1,2.7,350.8,1011,0,15,0,0,0,10,Clear,clear-night,
nantes,2023-12-02T01:00:00,32.6,32.6,29,86.43,0,4.8,,0,0,4.3,2.5,351.9,1011,0,15,0,0,0,10,Clear,clear-night,
nantes,2023-12-02T02:00:00,32.3,32.3,29.6,89.64,0,0,,0,0,4.5,2.7,349,1012,0,15,0,0,0,10,Clear,clear-night,
nantes,2023-12-02T03:00:00,31.9,31.9,30.3,93.66,0,0,,0,0,5.1,2.9,345.6,1012,0,15,0,0,0,10,Clear,clear-night,
nantes,2023-12-02T04:00:00,31.4,31.4,31,98.55,0,0,,0,0,4.9,2.7,340.6,1013,52.4,15,0,0,0,10,Partially cloudy,partly-cloudy-night,
nantes,2023-12-02T05:00:00,31.2,27.6,31,99.27,0,0,,0,0,6,3.6,358.7,1013,68.2,15,0,0,0,10,Partially cloudy,partly-cloudy-night,
nantes,2023-12-02T06:00:00,30.3,30.3,30.1,99.27,0,0,,0,0,6,2.9,9.4,1014,63.1,15,0,0,0,10,Partially cloudy,partly-cloudy-night,
nantes,2023-12-02T07:00:00,29.9,29.9,28.7,94.99,0,0,,0,0,4.9,2.7,13.1,1015,35.3,15,0,0,0,10,Partially cloudy,partly-cloudy-night,
nantes,2023-12-02T08:00:00,30.4,30.4,27.8,90.22,0,4.8,,0,0,4.2,2.3,128.7,1015.7,23.5,15,0,0,0,10,Partially cloudy,partly-cloudy-night,
nantes,2023-12-02T09:00:00,30.8,30.8,27,85.69,0,4.8,,0,0,3.4,1.9,244.3,1016.3,11.8,15,4,0,0,10,Clear,clear-day,
nantes,2023-12-02T10:00:00,31.2,31.2,26.1,81.37,0,4.8,,0,0,2.7,1.6,359.9,1017,0,15,73,0.3,1,10,Clear,clear-day,
nantes,2023-12-02T11:00:00,33.9,33.9,27.3,76.52,0,4.8,,0,0,3.7,2,345.9,1017.7,7,15,192,0.7,2,10,Clear,clear-day,
nantes,2023-12-02T12:00:00,36.6,36.6,28.4,72.04,0,4.8,,0,0,4.6,2.5,331.8,1018.3,14.1,15,262,0.9,3,10,Clear,clear-day,
nantes,2023-12-02T13:00:00,39.3,39.3,29.6,67.89,0,4.8,,0,0,5.6,2.9,317.8,1019,21.1,15,303,1.1,3,10,Partially cloudy,partly-cloudy-day,
nantes,2023-12-02T14:00:00,40,38.1,30.5,68.47,0,19,,0,0,6.3,3.2,305.2,1019,14.1,15,188,0.7,2,10,Clear,clear-day,
nantes,2023-12-02T15:00:00,40.7,38.6,31.4,69.06,0,19,,0,0,6.9,3.5,292.7,1019,7,15,223,0.8,2,10,Clear,clear-day,
nantes,2023-12-02T16:00:00,41.4,39.2,32.3,69.64,0,19,,0,0,7.6,3.8,280.1,1019,0,15,164,0.6,2,10,Clear,clear-day,
nantes,2023-12-02T17:00:00,39.6,37.7,32,73.95,0,19,,0,0,6.1,3.2,254.4,1019.7,0,15,61,0.2,1,10,Clear,clear-day,
nantes,2023-12-02T18:00:00,37.7,37.7,31.7,78.57,0,19,,0,0,4.6,2.6,228.6,1020.3,0,15,1,0,0,10,Clear,clear-night,
nantes,2023-12-02T19:00:00,35.9,35.9,31.4,83.53,0,19,,0,0,3.1,2,202.9,1021,0,15,0,0,0,10,Clear,clear-night,
nantes,2023-12-02T20:00:00,35,35,30.7,84.08,0,33.3,rain,0,0,3.7,2.3,185.5,1021,0.3,11.7,0,0,0,10,Clear,clear-night,
nantes,2023-12-02T21:00:00,34.1,34.1,29.9,84.64,0,33.3,rain,0,0,4.3,2.6,168.2,1021,0.6,2.9,0,0,0,10,Clear,clear-night,
nantes,2023-12-02T22:00:00,33.2,33.2,29.2,85.2,0,33.3,,0,0,4.9,2.9,150.8,1021,0.9,14.7,0,0,0,10,Clear,clear-night,
nantes,2023-12-02T23:00:00,33.1,30.3,28.4,82.73,0,33.3,,0,0,5.4,3.2,147.1,1021,28,15,0,0,0,10,Partially cloudy,partly-cloudy-night,
nantes,2023-12-03T00:00:00,33.1,29.9,27.7,80.31,0,33.3,,0,0,6,3.5,143.5,1021,55,15,0,0,0,10,Partially cloudy,partly-cloudy-night,
nantes,2023-12-03T01:00:00,33,29.4,26.9,77.96,0,33.3,,0,0,6.5,3.8,139.8,1021,82.1,15,0,0,0,10,Partially cloudy,partly-cloudy-night,
nantes,2023-12-03T02:00:00,33.8,29.4,27.7,78.23,0,23.8,,0,0,8.3,4.8,146.1,1020.7,87.7,15,0,0,0,10,Partially cloudy,partly-cloudy-night,
nantes,2023-12-03T03:00:00,34.5,29.5,28.6,78.49,0,23.8,,0,0,10.1,5.7,152.4,1020.3,93.4,15,0,0,0,10,Overcast,cloudy,
nantes,2023-12-03T04:00:00,35.3,29.7,29.4,78.75,0.008,23.8,"rain,snow",0,0,11.9,6.7,158.7,1020,99,15,0,0,0,10,Overcast,cloudy,
nantes,2023-12-03T05:00:00,35.5,29.4,30.2,80.91,0,23.8,,0,0,13.7,7.5,156.3,1019.7,98.7,15,0,0,0,10,Overcast,cloudy,
nantes,2023-12-03T06:00:00,35.7,29.2,31.1,83.11,0,23.8,,0,0,15.6,8.2,154,1019.3,98.5,15,0,0,0,10,Overcast,cloudy,
nantes,2023-12-03T07:00:00,35.9,29,31.9,85.37,0.091,23.8,rain,0,0,17.4,8.9,151.6,1019,98.2,15,0,0,0,10,Overcast,cloudy,
nantes,2023-12-03T08:00:00,36.3,29.6,32.6,86.23,0,14.3,,0,0,17.4,8.9,153.8,1019,95.7,15,0,0,0,10,Overcast,cloudy,
nantes,2023-12-03T09:00:00,36.8,30.2,33.4,87.09,0,14.3,,0,0,17.3,8.9,156.1,1019,93.2,15,3,0,0,10,Overcast,cloudy,
nantes,2023-12-03T10:00:00,37.3,30.8,34.1,87.95,0.02,14.3,rain,0,0,17.2,8.9,158.3,1019,90.7,15,51,0.2,1,10,Overcast,cloudy,
nantes,2023-12-03T11:00:00,39,33.2,35.5,87,0,14.3,,0,0,16.6,8.5,159,1018.7,93.8,15,111,0.4,1,10,Overcast,cloudy,
nantes,2023-12-03T12:00:00,40.8,35.5,36.9,86.07,0,14.3,,0,0,15.9,8.1,159.7,1018.3,96.9,15,184,0.7,2,10,Overcast,cloudy,
nantes,2023-12-03T13:00:00,42.5,37.9,38.4,85.17,0,14.3,,0,0,15.2,7.6,160.4,1018,100,15,87,0.3,1,10,Overcast,cloudy,
nantes,2023-12-03T14:00:00,42.9,38.3,38.9,85.79,0,28.6,,0,0,14.8,7.5,159.9,1017.7,100,15,92,0.3,1,10,Overcast,cloudy,
nantes,2023-12-03T15:00:00,43.3,38.8,39.5,86.42,0,28.6,,0,0,14.3,7.5,159.3,1017.3,100,15,88,0.3,1,10,Overcast,cloudy,
nantes,2023-12-03T16:00:00,43.6,39.3,40,87.04,0,28.6,,0,0,13.9,7.4,158.8,1017,100,15,103,0.4,1,10,Overcast,cloudy,
nantes,2023-12-03T17:00:00,42.6,38.1,39.2,87.4,0,28.6,,0,0,13.6,7.4,155.4,1016.7,100,15,53,0.2,1,10,Overcast,cloudy,
nantes,2023-12-03T18:00:00,41.7,37,38.3,87.76,0,28.6,,0,0,13.4,7.4,152.1,1016.3,100,15,1,0,0,10,Overcast,cloudy,
nantes,2023-12-03T19:00:00,40.7,35.8,37.5,88.13,0,28.6,,0,0,13.2,7.4,148.7,1016,100,15,0,0,0,10,Overcast,cloudy,
nantes,2023-12-03T20:00:00,40.3,34.8,36.3,85.84,0,28.6,,0,0,14.8,8.2,147.7,1015.3,100,15,0,0,0,10,Overcast,cloudy,
nantes,2023-12-03T21:00:00,39.8,33.8,35.2,83.59,0,28.6,,0,0,16.3,9,146.8,1014.7,100,15,0,0,0,10,Overcast,cloudy,
nantes,2023-12-03T22:00:00,39.3,32.8,34.1,81.39,0,28.6,,0,0,17.9,9.8,145.8,1014,100,15,0,0,0,10,Overcast,cloudy,
nantes,2023-12-03T23:00:00,38,32.5,36.6,94.49,0,28.6,,0,0,15.4,7.4,120.1,1016,100,15,0,0,0,10,Overcast,cloudy,
nantes,2023-12-04T00:00:00,38.4,33,37.3,95.85,0,28.6,,0,0,18.6,7.4,118.7,1015,100,15,0,0,0,10,Overcast,cloudy,
nantes,2023-12-04T01:00:00,38.4,33.2,37.5,96.53,0,28.6,,0,0,17.7,6.9,116.5,1015,100,15,0,0,0,10,Overcast,cloudy,
nantes,2023-12-04T02:00:00,38.7,33.2,37.4,94.96,0,28.6,,0,0,18.9,7.7,113,1014.3,100,15,0,0,0,10,Overcast,cloudy,
nantes,2023-12-04T03:00:00,39,33.1,37.2,93.41,0,28.6,,0,0,20.2,8.4,109.4,1013.7,100,15,0,0,0,10,Overcast,cloudy,
nantes,2023-12-04T04:00:00,39.3,33.1,37.1,91.89,0,28.6,rain,0,0,21.5,9.2,105.9,1013,100,15,0,0,0,10,Overcast,cloudy,
nantes,2023-12-04T05:00:00,39.4,33.1,37,91.03,0,28.6,,0,0,21.2,9.6,103.3,1012.7,100,15,0,0,0,10,Overcast,cloudy,
nantes,2023-12-04T06:00:00,39.5,33,36.9,90.18,0,28.6,,0,0,20.9,10.1,100.8,1012.3,100,15,0,0,0,10,Overcast,cloudy,
nantes,2023-12-04T07:00:00,39.6,33,36.8,89.33,0.008,28.6,rain,0,0,20.6,10.5,98.2,1012,100,15,0,0,0,10,Overcast,cloudy,
nantes,2023-12-04T08:00:00,39.7,32.6,36.3,87.66,0,33.3,,0,0,22.3,11.6,97.4,1012.3,100,15,1.3,0,0,10,Overcast,cloudy,
nantes,2023-12-04T09:00:00,39.8,32.3,35.9,86.01,0,33.3,,0,0,24,12.8,96.5,1012.7,100,15,2.7,0,0,10,Overcast,cloudy,
nantes,2023-12-04T10:00:00,39.8,32,35.5,84.4,0.004,33.3,rain,0,0,25.7,13.9,95.7,1013,100,15,4,0,0,10,Overcast,cloudy,
nantes,2023-12-04T11:00:00,40.9,33.3,35.8,81.71,0,33.3,,0,0,24.6,13.9,96.8,1012.7,97,15,41.7,0.1,0,10,Overcast,cloudy,
nantes,2023-12-04T12:00:00,42,34.7,36,79.12,0,33.3,,0,0,23.5,14,98,1012.3,94,15,79.3,0.3,1,10,Overcast,cloudy,
nantes,2023-12-04T13:00:00,43.1,36,36.2,76.63,0,33.3,,0,0,22.4,14.1,99.1,1012,91,15,117,0.4,1,10,Overcast,cloudy,
nantes,2023-12-04T14:00:00,43.1,36.3,36.7,77.92,0,28.6,,0,0,21.9,13.4,95.5,1012,93.9,15,129.3,0.5,1,10,Overcast,cloudy,
nantes,2023-12-04T15:00:00,43.2,36.6,37.2,79.22,0,28.6,,0,0,21.5,12.8,92,1012,96.9,15,141.7,0.5,1,10,Overcast,cloudy,
nantes,2023-12-04T16:00:00,43.2,36.9,37.7,80.54,0,28.6,,0,0,21,12.1,88.4,1012,99.8,15,154,0.6,2,10,Overcast,cloudy,
nantes,2023-12-04T17:00:00,41.5,34.7,36.7,82.73,0,28.6,,0,0,22.2,12,82.3,1012.7,96.5,15,107,0.4,1,10,Overcast,cloudy,
nantes,2023-12-04T18:00:00,39.8,32.6,35.6,85,0,28.6,,0,0,23.4,11.9,76.2,1013.3,93.3,15,60,0.2,0,10,Overcast,cloudy,
nantes,2023-12-04T19:00:00,38,30.4,34.6,87.36,0,28.6,,0,0,24.6,11.9,70.1,1014,90,15,13,0,0,10,Partially cloudy,partly-cloudy-night,
nantes,2023-12-04T20:00:00,37.2,29.4,33.8,87.32,0,52.4,rain,0,0,25,11.7,69.4,1014.7,62.9,15,8.7,0,0,10,"Rain, Partially cloudy",rain,
nantes,2023-12-04T21:00:00,36.3,28.4,32.9,87.27,0,52.4,rain,0,0,25.4,11.6,68.6,1015.3,35.9,15,4.3,0,0,10,"Rain, Partially cloudy",rain,
nantes,2023-12-04T22:00:00,35.5,27.4,32.1,87.23,0,52.4,"rain,snow",0,0,25.7,11.4,67.9,1016,8.8,15,0,0,0,10,"Snow, Rain",rain,
nantes,2023-12-04T23:00:00,34.7,26.5,31.3,87.39,0,52.4,"rain,snow",0,0,25.3,11.2,64.4,1016.7,14.8,15,0,0,0,10,"Snow, Rain",rain,
nantes,2023-12-05T00:00:00,33.8,25.5,30.5,87.56,0,52.4,"rain,snow",0,0,24.8,11,60.9,1017.3,20.7,15,0,0,0,10,"Snow, Rain, Partially cloudy",rain,
nantes,2023-12-05T01:00:00,33,24.6,29.7,87.73,0,52.4,"rain,snow",0,0,24.4,10.7,57.4,1018,26.7,15,0,0,0,10,"Snow, Rain, Partially cloudy",rain,
nantes,2023-12-05T02:00:00,32.2,23.8,29,88.12,0,42.9,,0,0,23.6,10.1,57.3,1018.7,22.3,15,0,0,0,10,Partially cloudy,partly-cloudy-night,
nantes,2023-12-05T03:00:00,31.3,23.1,28.3,88.51,0,42.9,,0,0,22.9,9.5,57.1,1019.3,17.9,15,0,0,0,10,Clear,clear-night,
nantes,2023-12-05T04:00:00,30.5,22.4,27.6,88.9,0,42.9,,0,0,22.1,8.9,57,1020,13.5,15,0,0,0,10,Clear,clear-night,
nantes,2023-12-05T05:00:00,30.5,22.6,27.4,88.25,0,42.9,,0,0,21.6,8.6,60.3,1020.3,42.3,15,0,0,0,10,Partially cloudy,partly-cloudy-night,
nantes,2023-12-05T06:00:00,30.5,22.8,27.2,87.6,0,42.9,,0,0,21.1,8.4,63.5,1020.7,71.2,15,0,0,0,10,Partially cloudy,partly-cloudy-night,
nantes,2023-12-05T07:00:00,30.5,22.9,27,86.95,0,42.9,,0,0,20.6,8.1,66.8,1021,100,15,0,0,0,10,Overcast,cloudy,
nantes,2023-12-05T08:00:00,31.2,23.9,27.1,84.66,0,38.1,,0,0,19.9,7.9,67.4,1021.7,68.3,15,8.7,0,0,10,Partially cloudy,partly-cloudy-night,
nantes,2023-12-05T09:00:00,31.9,24.9,27.2,82.44,0,38.1,,0,0,19.2,7.8,68,1022.3,36.7,15,17.3,0.1,0,10,Partially cloudy,partly-cloudy-day,
nantes,2023-12-05T10:00:00,32.6,25.9,27.2,80.28,0,38.1,,0,0,18.6,7.6,68.6,1023,5,15,26,0.1,0,10,Clear,clear-day,
nantes,2023-12-05T11:00:00,35.2,28.9,27.2,72.24,0,38.1,,0,0,16.1,7.8,74.8,1023,3.3,15,108.3,0.4,1,10,Clear,clear-day,
nantes,2023-12-05T12:00:00,37.8,31.9,27.1,65.09,0,38.1,,0,0,13.6,8.1,81.1,1023,1.7,15,190.7,0.7,2,10,Clear,clear-day,
nantes,2023-12-05T13:00:00,40.4,34.9,27,58.71,0,38.1,,0,0,11.2,8.3,87.3,1023,0,15,273,1,3,10,Clear,clear-day,
nantes,2023-12-05T14:00:00,40.3,35.1,27.7,60.47,0,19,,0,0,11,7.8,86.6,1023,33.3,15,270,1,3,10,Partially cloudy,partly-cloudy-day,
nantes,2023-12-05T15:00:00,40.3,35.2,28.4,62.27,0,19,,0,0,10.9,7.4,86,1023,66.7,15,267,1,3,10,Partially cloudy,partly-cloudy-day,
nantes,2023-12-05T16:00:00,40.2,35.4,29,64.12,0,19,,0,0,10.7,6.9,85.3,1023,100,15,264,1,3,10,Overcast,cloudy,
nantes,2023-12-05T17:00:00,38,32.7,28.2,67.73,0,19,,0,0,11.3,6.9,92.5,1023.3,100,15,181.7,0.7,2,10,Overcast,cloudy,
nantes,2023-12-05T18:00:00,35.8,30.1,27.5,71.59,0,19,,0,0,11.9,6.9,99.7,1023.7,100,15,99.3,0.4,0,10,Overcast,cloudy,
nantes,2023-12-05T19:00:00,33.5,27.4,26.7,75.73,0,19,,0,0,12.5,6.9,106.9,1024,100,15,17,0.1,0,10,Overcast,cloudy,
nantes,2023-12-05T20:00:00,32.9,26.5,26.2,76.23,0,19,,0,0,12.6,7,113.6,1024.3,68.4,15,11.3,0.1,0,10,Partially cloudy,partly-cloudy-night,
nantes,2023-12-05T21:00:00,32.2,25.7,25.7,76.74,0,19,,0,0,12.7,7.1,120.3,1024.7,36.8,15,5.7,0,0,10,Partially cloudy,partly-cloudy-night,
nantes,2023-12-05T22:00:00,31.5,24.8,25.2,77.25,0,19,,0,0,12.8,7.2,127,1025,5.2,15,0,0,0,10,Clear,clear-night,
nantes,2023-12-05T23:00:00,31.4,24.8,24.8,76.47,0,19,,0,0,11.8,6.9,131,1024.7,34.4,15,0,0,0,10,Partially cloudy,partly-cloudy-night,
nantes,2023-12-06T00:00:00,31.2,24.8,24.4,75.69,0,19,,0,0,10.8,6.6,135.1,1024.3,63.7,15,0,0,0,10,Partially cloudy,partly-cloudy-night,
nantes,2023-12-06T01:00:00,31,24.8,24,74.92,0,19,,0,0,9.8,6.3,139.1,1024,92.9,15,0,0,0,10,Overcast,cloudy,
nantes,2023-12-06T02:00:00,31.5,25.4,23.6,72.2,0,14.3,,0,0,9.5,6.3,142.4,1024,95.3,15,0,0,0,10,Overcast,cloudy,
nantes,2023-12-06T03:00:00,32,26,23.2,69.58,0,14.3,,0,0,9.2,6.3,145.8,1024,97.6,15,0,0,0,10,Overcast,cloudy,
nantes,2023-12-06T04:00:00,32.4,26.6,22.7,67.05,0,14.3,,0,0,8.9,6.3,149.1,1024,100,15,0,0,0,10,Overcast,cloudy,
nantes,2023-12-06T05:00:00,32.6,26.6,22.8,67.07,0,14.3,,0,0,10.8,6.4,147.8,1023.7,95,15,0,0,0,10,Overcast,cloudy,
nantes,2023-12-06T06:00:00,32.7,26.6,23,67.08,0,14.3,,0,0,12.7,6.6,146.4,1023.3,90,15,0,0,0,10,Partially cloudy,partly-cloudy-night,
nantes,2023-12-06T07:00:00,32.8,26.7,23.1,67.1,0,14.3,,0,0,14.5,6.7,145.1,1023,85,15,0,0,0,10,Partially cloudy,partly-cloudy-night,
nantes,2023-12-06T08:00:00,33.7,27.3,23.6,66.04,0,14.3,,0,0,16,7.5,144.5,1023.3,90,15,6.3,0,0,10,Partially cloudy,partly-cloudy-night,
nantes,2023-12-06T09:00:00,34.6,27.9,24.1,65,0,14.3,,0,0,17.5,8.2,143.9,1023.7,95,15,12.7,0.1,0,10,Overcast,cloudy,
nantes,2023-12-06T10:00:00,35.5,28.6,24.5,63.99,0,14.3,,0,0,19,8.9,143.3,1024,100,15,19,0.1,0,10,Overcast,cloudy,
nantes,2023-12-06T11:00:00,38.3,31.7,27.3,64.35,0,14.3,,0,0,18.9,9.6,148.7,1023.3,100,15,73.7,0.3,1,10,Overcast,cloudy,
nantes,2023-12-06T12:00:00,41,34.8,30,64.7,0,14.3,,0,0,18.9,10.3,154,1022.7,100,15,128.3,0.5,1,10,Overcast,cloudy,
nantes,2023-12-06T13:00:00,43.8,38,32.8,65.05,0,14.3,,0,0,18.8,11,159.4,1022,100,15,183,0.7,2,10,Overcast,cloudy,
nantes,2023-12-06T14:00:00,43.5,37.8,33.8,68.38,0,19,,0,0,19.2,10.4,159.9,1021.7,100,15,173.3,0.7,2,10,Overcast,cloudy,
nantes,2023-12-06T15:00:00,43.2,37.7,34.7,71.87,0,19,,0,0,19.7,9.8,160.5,1021.3,100,15,163.7,0.6,2,10,Overcast,cloudy,
nantes,2023-12-06T16:00:00,42.9,37.6,35.7,75.53,0,19,,0,0,20.1,9.2,161,1021,100,15,154,0.6,2,10,Overcast,cloudy,
nantes,2023-12-06T17:00:00,41.4,35.8,35.1,78.32,0,19,,0,0,21.8,9.1,161.7,1020.7,100,15,107.3,0.4,1,10,Overcast,cloudy,
nantes,2023-12-06T18:00:00,39.9,33.9,34.6,81.24,0,19,,0,0,23.4,9,162.5,1020.3,100,15,60.7,0.3,0,10,Overcast,cloudy,
nantes,2023-12-06T19:00:00,38.4,32.1,34.1,84.3,0,19,,0,0,25.1,8.9,163.2,1020,100,15,14,0.1,0,10,Overcast,cloudy,
nantes,2023-12-06T20:00:00,38.5,32,34.2,84.31,0,42.9,,0,0,26.3,9.5,161.2,1020,100,15,9.3,0.1,0,10,Overcast,cloudy,
nantes,2023-12-06T21:00:00,38.6,31.9,34.3,84.32,0,42.9,,0,0,27.6,10,159.1,1020,100,15,4.7,0,0,10,Overcast,cloudy,
nantes,2023-12-06T22:00:00,38.7,31.9,34.4,84.33,0,42.9,,0,0,28.9,10.5,157.1,1020,100,15,0,0,0,10,Overcast,cloudy,
nantes,2023-12-06T23:00:00,39.3,32.2,34.8,83.76,0,42.9,,0,0,29.7,11.3,159.5,1019.7,100,15,0,0,0,10,Overcast,cloudy,
nantes,2023-12-07T00:00:00,39.8,32.6,35.2,83.2,0,42.9,,0,0,30.5,12.2,161.9,1019.3,100,15,0,0,0,10,Overcast,cloudy,
nantes,2023-12-07T01:00:00,40.4,33,35.5,82.65,0,42.9,,0,0,31.3,13,164.3,1019,100,15,0,0,0,10,Overcast,cloudy,
nantes,2023-12-07T02:00:00,41.1,33.7,36.2,82.5,0,42.9,,0,0,32.1,13.5,166.7,1018.7,100,15,0,0,0,10,Overcast,cloudy,
nantes,2023-12-07T03:00:00,41.8,34.5,36.8,82.36,0,42.9,,0,0,32.8,14,169.2,1018.3,100,15,0,0,0,10,Overcast,cloudy,
nantes,2023-12-07T04:00:00,42.5,35.2,37.5,82.22,0,42.9,,0,0,33.6,14.5,171.6,1018,100,15,0,0,0,10,Overcast,cloudy,
nantes,2023-12-07T05:00:00,43.2,36,38.6,83.63,0,42.9,,0,0,34.4,14.7,174.3,1017.7,82.7,15,0,0,0,10,Partially cloudy,partly-cloudy-night,
nantes,2023-12-07T06:00:00,43.9,36.8,39.6,85.05,0,42.9,,0,0,35.2,14.8,177.1,1017.3,65.5,15,0,0,0,10,Partially cloudy,partly-cloudy-night,
nantes,2023-12-07T07:00:00,44.5,37.6,40.7,86.49,0,42.9,,0,0,36,15,179.8,1017,48.2,15,0,0,0,10,Partially cloudy,partly-cloudy-night,
nantes,2023-12-07T08:00:00,46.4,40.1,43.4,89.22,0,33.3,,0,0,33.8,14.8,181.3,1017.3,65.5,15,0.3,0,0,10,Partially cloudy,partly-cloudy-night,
nantes,2023-12-07T09:00:00,48.4,42.6,46.1,91.99,0,33.3,,0,0,31.5,14.5,182.7,1017.7,82.7,15,0.7,0,0,10,Partially cloudy,partly-cloudy-day,
nantes,2023-12-07T10:00:00,50.3,50.3,48.8,94.78,0.008,33.3,rain,0,0,29.3,14.3,184.2,1018,100,15,1,0,0,10,Overcast,cloudy,
nantes,2023-12-07T11:00:00,51.5,51.5,49.8,94.17,0,33.3,,0,0,27.5,13.6,188.9,1018,100,13.9,10,0,0,10,Overcast,cloudy,
nantes,2023-12-07T12:00:00,52.7,52.7,50.9,93.58,0,33.3,,0,0,25.7,12.8,193.6,1018,100,12.9,19,0.1,0,10,Overcast,cloudy,
nantes,2023-12-07T13:00:00,53.9,53.9,51.9,92.99,0.012,33.3,rain,0,0,23.9,12.1,198.3,1018,100,11.9,28,0.1,0,10,Overcast,cloudy,
nantes,2023-12-07T14:00:00,54.4,54.4,52,91.58,0,47.6,rain,0,0,22.7,11.6,201.7,1018,100,12.9,72.3,0.3,1,10,"Rain, Overcast",rain,
nantes,2023-12-07T15:00:00,54.9,54.9,52.1,90.19,0,47.6,rain,0,0,21.5,11.2,205,1018,100,13.9,116.7,0.4,1,10,"Rain, Overcast",rain,
nantes,2023-12-07T16:00:00,55.5,55.5,52.2,88.83,0.004,47.6,rain,0,0,20.4,10.7,208.4,1018,100,15,161,0.6,2,10,"Rain, Overcast",rain,
nantes,2023-12-07T17:00:00,54.4,54.4,51.9,91.18,0,47.6,rain,0,0,21.5,10.4,202.5,1018,100,15,112,0.4,1,10,"Rain, Overcast",rain,
nantes,2023-12-07T18:00:00,53.3,53.3,51.5,93.6,0,47.6,rain,0,0,22.6,10,196.7,1018,100,15,63,0.3,0,10,"Rain, Overcast",rain,
nantes,2023-12-07T19:00:00,52.2,52.2,51.2,96.09,0.004,47.6,rain,0,0,23.7,9.6,190.8,1018,100,15,14,0.1,0,10,"Rain, Overcast",rain,
nantes,2023-12-07T20:00:00,53,53,51.5,94.42,0,47.6,rain,0,0,25.7,11.3,192.6,1017.7,100,15,9.3,0.1,0,10,"Rain, Overcast",rain,
nantes,2023-12-07T21:00:00,53.8,53.8,51.8,92.78,0,47.6,rain,0,0,27.7,13,194.5,1017.3,100,15,4.7,0,0,10,"Rain, Overcast",rain,
nantes,2023-12-07T22:00:00,54.6,54.6,52.1,91.18,0.008,47.6,rain,0,0,29.8,14.8,196.3,1017,100,15,0,0,0,10,"Rain, Overcast",rain,
nantes,2023-12-07T23:00:00,53.1,53.1,50.1,89.32,0,47.6,rain,0,0,31.7,15.2,187.9,1016.3,100,15,0,0,0,10,"Rain, Overcast",rain,
nantes,2023-12-08T00:00:00,51.7,51.7,48.1,87.47,0,47.6,rain,0,0,33.6,15.7,179.4,1015.7,100,15,0,0,0,10,"Rain, Overcast",rain,
nantes,2023-12-08T01:00:00,50.3,50.3,46.1,85.63,0,47.6,rain,0,0,35.6,16.1,171,1015,100,15,0,0,0,10,"Rain, Overcast",rain,
nantes,2023-12-08T02:00:00,49.8,44.1,45.5,85.03,0,47.6,rain,0,0,35.9,16.6,175,1014.7,100,14.3,0,0,0,10,"Rain, Overcast",rain,
nantes,2023-12-08T03:00:00,49.4,43.4,44.9,84.42,0,47.6,rain,0,0,36.3,17.1,178.9,1014.3,100,13.6,0,0,0,10,"Rain, Overcast",rain,
nantes,2023-12-08T04:00:00,49,42.8,44.3,83.82,0.004,47.6,rain,0,0,36.7,17.7,182.9,1014,100,12.9,0,0,0,10,"Rain, Overcast",rain,
nantes,2023-12-08T05:00:00,49.8,43.8,46,86.59,0,47.6,rain,0,0,36,18.2,183.1,1012.7,100,9.9,0,0,0,10,"Rain, Overcast",rain,
nantes,2023-12-08T06:00:00,50.7,50.7,47.7,89.41,0,47.6,rain,0,0,35.3,18.7,183.4,1011.3,100,7,0,0,0,10,"Rain, Overcast",rain,
nantes,2023-12-08T07:00:00,51.5,51.5,49.4,92.3,0.051,47.6,rain,0,0,34.7,19.2,183.6,1010,100,4,0,0,0,10,"Rain, Overcast",rain,
nantes,2023-12-08T08:00:00,52.1,52.1,49.9,92.11,0,57.1,rain,0,0,37.1,20.6,186.1,1009.3,100,4,0.3,0,0,10,"Rain, Overcast",rain,
nantes,2023-12-08T09:00:00,52.7,52.7,50.4,91.93,0,57.1,rain,0,0,39.4,21.9,188.7,1008.7,100,3.9,0.7,0,0,10,"Rain, Overcast",rain,
nantes,2023-12-08T10:00:00,53.3,53.3,51,91.75,0.193,57.1,rain,0,0,41.8,23.3,191.2,1008,100,3.9,1,0,0,10,"Rain, Overcast",rain,
nantes,2023-12-08T11:00:00,53.9,53.9,52,93.2,0,57.1,rain,0,0,40.4,23,200.1,1006.7,100,3.2,2.7,0,0,10,"Rain, Overcast",rain,
nantes,2023-12-08T12:00:00,54.5,54.5,53,94.66,0,57.1,rain,0,0,39,22.7,209,1005.3,100,2.5,4.3,0,0,10,"Rain, Overcast",rain,
nantes,2023-12-08T13:00:00,55.1,55.1,54.1,96.14,0.366,57.1,rain,0,0,37.6,22.4,217.9,1004,100,1.8,6,0,0,10,"Rain, Overcast",rain,
nantes,2023-12-08T14:00:00,53.8,53.8,52.1,94.23,0,81,rain,0,0,33,18.3,233.9,1004.3,100,3.4,5.7,0,0,10,"Rain, Overcast",rain,
nantes,2023-12-08T15:00:00,52.4,52.4,50.2,92.33,0,81,rain,0,0,28.5,14.2,249.8,1004.7,100,4.9,5.3,0,0,10,"Rain, Overcast",rain,
nantes,2023-12-08T16:00:00,51,51,48.3,90.44,0.508,81,rain,0,0,23.9,10.1,265.8,1005,100,6.5,5,0,0,10,"Rain, Overcast",rain,
nantes,2023-12-08T17:00:00,50.5,50.5,47.7,90.21,0,81,rain,0,0,24.2,10.1,260,1005.3,100,9.3,3.7,0,0,10,"Rain, Overcast",rain,
nantes,2023-12-08T18:00:00,50,50,47.2,89.99,0,81,rain,0,0,24.5,10.1,254.3,1005.7,100,12.1,2.3,0,0,10,"Rain, Overcast",rain,
nantes,2023-12-08T19:00:00,49.5,45.5,46.7,89.77,0.039,81,rain,0,0,24.8,10.1,248.5,1006,100,15,1,0,0,10,"Rain, Overcast",rain,
nantes,2023-12-08T20:00:00,48.7,44.7,45.8,89.73,0,76.2,rain,0,0,23.7,9.4,247.4,1006.7,67.4,15,0.7,0,0,10,"Rain, Partially cloudy",rain,
nantes,2023-12-08T21:00:00,47.9,43.9,45,89.7,0,76.2,rain,0,0,22.6,8.7,246.3,1007.3,34.8,15,0.3,0,0,10,"Rain, Partially cloudy",rain,
nantes,2023-12-08T22:00:00,47,43.1,44.1,89.66,0,76.2,rain,0,0,21.5,8.1,245.2,1008,2.2,15,0,0,0,10,Rain,rain,
nantes,2023-12-08T23:00:00,47.2,43,43.8,87.84,0,76.2,rain,0,0,22.8,8.9,249.8,1008.7,2.9,15,0,0,0,10,Rain,rain,
nantes,2023-12-09T00:00:00,47.4,42.9,43.4,86.05,0,76.2,rain,0,0,24.2,9.7,254.5,1009.3,3.7,15,0,0,0,10,Rain,rain,
nantes,2023-12-09T01:00:00,47.6,42.8,43.1,84.3,0,76.2,rain,0,0,25.5,10.5,259.1,1010,4.4,15,0,0,0,10,Rain,rain,
nantes,2023-12-09T02:00:00,47.6,42.8,43.1,84.31,0,23.8,,0,0,26.2,10.9,257.8,1010.7,4.6,15,0,0,0,10,Clear,clear-night,
nantes,2023-12-09T03:00:00,47.7,42.7,43.2,84.31,0,23.8,,0,0,26.8,11.3,256.5,1011.3,4.8,15,0,0,0,10,Clear,clear-night,
nantes,2023-12-09T04:00:00,47.7,42.7,43.2,84.32,0,23.8,,0,0,27.5,11.6,255.2,1012,5,15,0,0,0,10,Clear,clear-night,
nantes,2023-12-09T05:00:00,47.9,43,43.7,85.3,0,23.8,,0,0,26.8,11.6,254.6,1012.3,36.7,15,0,0,0,10,Partially cloudy,partly-cloudy-night,
nantes,2023-12-09T06:00:00,48.1,43.2,44.2,86.29,0,23.8,,0,0,26,11.5,254.1,1012.7,68.3,15,0,0,0,10,Partially cloudy,partly-cloudy-night,
nantes,2023-12-09T07:00:00,48.3,43.5,44.7,87.29,0,23.8,,0,0,25.3,11.4,253.5,1013,100,15,0,0,0,10,Overcast,cloudy,
nantes,2023-12-09T08:00:00,49,44.3,45.4,87.33,0,42.9,,0,0,25.4,11.5,248,1013.7,84.1,15,5,0,0,10,Partially cloudy,partly-cloudy-night,
nantes,2023-12-09T09:00:00,49.7,45.2,46.1,87.37,0,42.9,,0,0,25.6,11.6,242.4,1014.3,68.1,15,10,0.1,0,10,Partially cloudy,partly-cloudy-day,
nantes,2023-12-09T10:00:00,50.4,50.4,46.8,87.41,0,42.9,,0,0,25.7,11.6,236.9,1015,52.2,15,15,0.1,0,10,Partially cloudy,partly-cloudy-day,
nantes,2023-12-09T11:00:00,51.8,51.8,47.1,84.19,0,42.9,,0,0,25.4,13,241,1015,64.5,15,71.3,0.3,1,10,Partially cloudy,partly-cloudy-day,
nantes,2023-12-09T12:00:00,53.1,53.1,47.4,81.11,0,42.9,,0,0,25,14.5,245.2,1015,76.9,15,127.7,0.5,1,10,Partially cloudy,partly-cloudy-day,
nantes,2023-12-09T13:00:00,54.4,54.4,47.7,78.16,0.012,42.9,rain,0,0,24.6,15.9,249.3,1015,89.2,15,184,0.7,2,10,Partially cloudy,partly-cloudy-day,
nantes,2023-12-09T14:00:00,53.9,53.9,47.3,78.3,0,71.4,rain,0,0,24.8,15.4,242.4,1014.7,92.3,15,179,0.7,2,10,"Rain, Overcast",rain,
nantes,2023-12-09T15:00:00,53.4,53.4,46.9,78.44,0,71.4,rain,0,0,25.1,15,235.4,1014.3,95.4,15,174,0.6,2,10,"Rain, Overcast",rain,
nantes,2023-12-09T16:00:00,53,53,46.5,78.57,0.008,71.4,rain,0,0,25.3,14.5,228.5,1014,98.5,15,169,0.6,2,10,"Rain, Overcast",rain,
nantes,2023-12-09T17:00:00,52.6,52.6,47.4,82.55,0,71.4,rain,0,0,26.7,14.9,222.8,1014,99,12.2,115.7,0.4,1,10,"Rain, Overcast",rain,
nantes,2023-12-09T18:00:00,52.1,52.1,48.3,86.71,0,71.4,rain,0,0,28.1,15.3,217.2,1014,99.5,9.5,62.3,0.2,0,10,"Rain, Overcast",rain,
nantes,2023-12-09T19:00:00,51.7,51.7,49.2,91.08,0.039,71.4,rain,0,0,29.5,15.7,211.5,1014,100,6.7,9,0,0,10,"Rain, Overcast",rain,
nantes,2023-12-09T20:00:00,52.5,52.5,49.7,90.3,0,71.4,rain,0,0,32.2,17.3,209.7,1013.3,100,9.5,6,0,0,10,"Rain, Overcast",rain,
nantes,2023-12-09T21:00:00,53.3,53.3,50.3,89.53,0,71.4,rain,0,0,34.9,18.9,207.9,1012.7,100,12.2,3,0,0,10,"Rain, Overcast",rain,
nantes,2023-12-09T22:00:00,54.1,54.1,50.8,88.77,0.008,71.4,rain,0,0,37.6,20.6,206.1,1012,100,15,0,0,0,10,"Rain, Overcast",rain,
nantes,2023-12-09T23:00:00,54.5,54.5,50.8,87.23,0,71.4,rain,0,0,39.7,22.2,208,1011.3,100,15,0,0,0,10,"Rain, Overcast",rain,
nantes,2023-12-10T00:00:00,55,55,50.8,85.72,0,71.4,rain,0,0,41.9,23.9,210,1010.7,100,15,0,0,0,10,"Rain, Overcast",rain,
nantes,2023-12-10T01:00:00,55.5,55.5,50.8,84.23,0,71.4,rain,0,0,44.1,25.5,211.9,1010,100,15,0,0,0,10,"Rain, Overcast",rain,
nantes,2023-12-10T02:00:00,56,56,52.1,86.54,0,47.6,rain,0,0,43.5,25,215.2,1009.7,100,15,0,0,0,10,"Rain, Overcast",rain,
nantes,2023-12-10T03:00:00,56.6,56.6,53.3,88.88,0,47.6,rain,0,0,42.9,24.5,218.5,1009.3,100,15,0,0,0,10,"Rain, Overcast",rain,
nantes,2023-12-10T04:00:00,57.1,57.1,54.6,91.27,0.004,47.6,rain,0,0,42.3,23.9,221.8,1009,100,15,0,0,0,10,"Rain, Overcast",rain,
nantes,2023-12-10T05:00:00,57.7,57.7,55.2,91.49,0,47.6,rain,0,0,41.3,23.8,220.8,1008.7,100,15,0,0,0,10,"Rain, Overcast",rain,
nantes,2023-12-10T06:00:00,58.2,58.2,55.8,91.71,0,47.6,rain,0,0,40.3,23.6,219.7,1008.3,100,15,0,0,0,10,"Rain, Overcast",rain,
nantes,2023-12-10T07:00:00,58.7,58.7,56.4,91.93,0.008,47.6,rain,0,0,39.4,23.5,218.7,1008,100,15,0,0,0,10,"Rain, Overcast",rain,
nantes,2023-12-10T08:00:00,58.8,58.8,56.6,92.13,0,47.6,rain,0,0,40.1,24.1,218.6,1007.7,100,15,0.3,0,0,10,"Rain, Overcast",rain,
nantes,2023-12-10T09:00:00,59,59,56.7,92.34,0,47.6,rain,0,0,40.9,24.7,218.6,1007.3,100,15,0.7,0,0,10,"Rain, Overcast",rain,
nantes,2023-12-10T10:00:00,59.1,59.1,56.9,92.54,0.004,47.6,rain,0,0,41.6,25.3,218.5,1007,100,15,1,0,0,10,"Rain, Overcast",rain,
nantes,2023-12-10T11:00:00,59.4,59.4,57,91.75,0,47.6,rain,0,0,45.4,26.6,218.9,1006.3,100,11.3,3,0,0,10,"Rain, Overcast",rain,
nantes,2023-12-10T12:00:00,59.7,59.7,57.1,90.97,0,47.6,rain,0,0,49.2,28,219.4,1005.7,100,7.7,5,0,0,10,"Rain, Overcast",rain,
nantes,2023-12-10T13:00:00,60,60,57.1,90.2,0.087,47.6,rain,0,0,53,29.3,219.8,1005,100,4,7,0,0,10,"Rain, Overcast",rain,
nantes,2023-12-10T14:00:00,57.2,57.2,54.4,90.48,0,66.7,rain,0,0,43.6,23.2,244.4,1006,100,7.3,6.7,0,0,10,"Rain, Overcast",rain,
nantes,2023-12-10T15:00:00,54.3,54.3,51.7,90.77,0,66.7,rain,0,0,34.2,17.1,269,1007,100,10.5,6.3,0,0,10,"Rain, Overcast",rain,
nantes,2023-12-10T16:00:00,51.5,51.5,49,91.07,0.146,66.7,rain,0,0,24.8,11,293.6,1008,100,13.8,6,0,0,10,"Rain, Overcast",rain,
nantes,2023-12-10T17:00:00,50.8,50.8,48.7,92.48,0,66.7,rain,0,0,22.7,9.8,275,1008.3,100,10.7,4,0,0,10,"Rain, Overcast",rain,
nantes,2023-12-10T18:00:00,50.1,50.1,48.4,93.93,0,66.7,rain,0,0,20.7,8.7,256.4,1008.7,100,7.7,2,0,0,10,"Rain, Overcast",rain,
nantes,2023-12-10T19:00:00,49.4,46.2,48.1,95.4,0.154,66.7,rain,0,0,18.6,7.6,237.8,1009,100,4.7,0,0,0,10,"Rain, Overcast",rain,
nantes,2023-12-10T20:00:00,49.3,46.2,48.2,96.04,0,71.4,rain,0,0,17.1,7.4,225.4,1009,100,4.8,0,0,0,10,"Rain, Overcast",rain,
nantes,2023-12-10T21:00:00,49.3,46.2,48.4,96.69,0,71.4,rain,0,0,15.6,7.2,213.1,1009,100,5,0,0,0,10,"Rain, Overcast",rain,
nantes,2023-12-10T22:00:00,49.2,46.2,48.5,97.35,0.173,71.4,rain,0,0,14.1,6.9,200.7,1009,100,5.2,0,0,0,10,"Rain, Overcast",rain,
nantes,2023-12-10T23:00:00,49.3,46.2,48.5,97.13,0,71.4,rain,0,0,14.8,7.4,206.7,1008.7,100,5,0,0,0,10,"Rain, Overcast",rain,
nantes,2023-12-11T00:00:00,49.4,46.1,48.6,96.91,0,71.4,rain,0,0,15.6,7.8,212.6,1008.3,100,4.7,0,0,0,10,"Rain, Overcast",rain,
nantes,2023-12-11T01:00:00,49.5,46.1,48.6,96.7,0.165,71.4,rain,0,0,16.3,8.3,218.6,1008,100,4.4,0,0,0,10,"Rain, Overcast",rain,
nantes,2023-12-11T02:00:00,49.4,45.9,48.6,96.91,0,52.4,rain,0,0,16.6,8.4,217.3,1008,100,4.8,0,0,0,10,"Rain, Overcast",rain,
nantes,2023-12-11T03:00:00,49.3,45.8,48.5,97.13,0,52.4,rain,0,0,16.9,8.4,215.9,1008,100,5.1,0,0,0,10,"Rain, Overcast",rain,
nantes,2023-12-11T04:00:00,49.2,45.6,48.5,97.35,0.11,52.4,rain,0,0,17.2,8.5,214.6,1008,100,5.5,0,0,0,10,"Rain, Overcast",rain,
nantes,2023-12-11T05:00:00,49.3,45.7,47.9,94.97,0,52.4,rain,0,0,18.8,8.5,241.2,1008.3,100,8.6,0,0,0,10,"Rain, Overcast",rain,
nantes,2023-12-11T06:00:00,49.3,45.7,47.3,92.65,0,52.4,rain,0,0,20.4,8.5,267.9,1008.7,100,11.6,0,0,0,10,"Rain, Overcast",rain,
nantes,2023-12-11T07:00:00,49.4,45.8,46.7,90.37,0.118,52.4,rain,0,0,21.9,8.5,294.5,1009,100,14.7,0,0,0,10,"Rain, Overcast",rain,
nantes,2023-12-11T08:00:00,49.4,45.5,45.5,86.17,0,61.9,rain,0,0,22.8,9.5,288.2,1010.3,93.9,14.8,3,0,0,10,"Rain, Overcast",rain,
nantes,2023-12-11T09:00:00,49.5,45.2,44.3,82.14,0,61.9,rain,0,0,23.7,10.6,281.8,1011.7,87.9,14.9,6,0,0,10,"Rain, Partially cloudy",rain,
nantes,2023-12-11T10:00:00,49.5,45,43.1,78.29,0.004,61.9,rain,0,0,24.6,11.6,275.5,1013,81.8,15,9,0,0,10,"Rain, Partially cloudy",rain,
nantes,2023-12-11T11:00:00,50.7,50.7,44.1,77.85,0,61.9,rain,0,0,25.6,13.3,275.7,1013.7,56.2,14.9,81,0.3,1,10,"Rain, Partially cloudy",rain,
nantes,2023-12-11T12:00:00,51.9,51.9,45.1,77.42,0,61.9,rain,0,0,26.5,14.9,276,1014.3,30.6,14.9,153,0.5,2,10,"Rain, Partially cloudy",rain,
nantes,2023-12-11T13:00:00,53.1,53.1,46.1,77,0.004,61.9,rain,0,0,27.5,16.6,276.2,1015,5,14.8,225,0.8,2,10,Rain,rain,
nantes,2023-12-11T14:00:00,52.7,52.7,46.1,78.02,0,33.3,,0,0,27.6,16.7,275.8,1016,11.3,14.9,227.3,0.8,2,10,Clear,clear-day,
nantes,2023-12-11T15:00:00,52.3,52.3,46,79.05,0,33.3,,0,0,27.7,16.9,275.5,1017,17.7,14.9,229.7,0.8,2,10,Clear,clear-day,
nantes,2023-12-11T16:00:00,51.9,51.9,45.9,80.11,0.004,33.3,rain,0,0,27.7,17,275.1,1018,24,15,232,0.8,2,10,Partially cloudy,partly-cloudy-day,
nantes,2023-12-11T17:00:00,51.4,51.4,45.6,80.62,0,33.3,,0,0,27.1,15.7,276.7,1019.3,46.7,15,160.3,0.6,2,10,Partially cloudy,partly-cloudy-day,
nantes,2023-12-11T18:00:00,50.9,50.9,45.3,81.13,0,33.3,,0,0,26.5,14.3,278.2,1020.7,69.5,15,88.7,0.3,0,10,Partially cloudy,partly-cloudy-night,
nantes,2023-12-11T19:00:00,50.4,50.4,45,81.65,0,33.3,,0,0,25.9,13,279.8,1022,92.2,15,17,0.1,0,10,Overcast,cloudy,
nantes,2023-12-11T20:00:00,49.8,45,44.6,82.16,0,42.9,,0,0,25.6,12.5,279.2,1023,87.9,15,11.3,0.1,0,10,Partially cloudy,partly-cloudy-night,
nantes,2023-12-11T21:00:00,49.1,44.3,44.1,82.68,0,42.9,,0,0,25.2,12.1,278.6,1024,83.6,15,5.7,0,0,10,Partially cloudy,partly-cloudy-night,
nantes,2023-12-11T22:00:00,48.5,43.6,43.6,83.21,0,42.9,,0,0,24.8,11.6,278,1025,79.3,15,0,0,0,10,Partially cloudy,partly-cloudy-night,
nantes,2023-12-11T23:00:00,48.4,43.6,43.3,82.63,0,42.9,,0,0,23.9,11,278.2,1026,55.4,15,0,0,0,10,Partially cloudy,partly-cloudy-night,
nantes,2023-12-12T00:00:00,48.2,43.7,43,82.05,0,42.9,,0,0,23,10.4,278.3,1027,31.4,15,0,0,0,10,Partially cloudy,partly-cloudy-night,
nantes,2023-12-12T01:00:00,48.1,43.7,42.7,81.48,0,42.9,,0,0,22.1,9.8,278.5,1028,7.5,15,0,0,0,10,Clear,clear-night,
nantes,2023-12-12T02:00:00,46.9,42.6,42.5,84.65,0,33.3,,0,0,21,8.9,274.9,1028.7,8.2,15,0,0,0,10,Clear,clear-night,
nantes,2023-12-12T03:00:00,45.7,41.6,42.4,87.97,0,33.3,,0,0,19.9,7.9,271.2,1029.3,8.8,15,0,0,0,10,Clear,clear-night,
nantes,2023-12-12T04:00:00,44.5,40.6,42.2,91.43,0,33.3,,0,0,18.8,6.9,267.6,1030,9.5,15,0,0,0,10,Clear,clear-night,
nantes,2023-12-12T05:00:00,44.4,40.7,41.9,90.8,0,33.3,,0,0,15.1,6.7,255,1030.3,26,15,0,0,0,10,Partially cloudy,partly-cloudy-night,
nantes,2023-12-12T06:00:00,44.4,40.7,41.7,90.17,0,33.3,,0,0,11.3,6.5,242.3,1030.7,42.6,15,0,0,0,10,Partially cloudy,partly-cloudy-night,
nantes,2023-12-12T07:00:00,44.3,40.8,41.4,89.54,0,33.3,,0,0,7.6,6.3,229.7,1031,59.1,15,0,0,0,10,Partially cloudy,partly-cloudy-night,
nantes,2023-12-12T08:00:00,45.3,42,42.5,89.79,0,33.3,,0,0,11.2,6.2,231,1031.7,65.7,15,5.7,0,0,10,Partially cloudy,partly-cloudy-night,
nantes,2023-12-12T09:00:00,46.4,43.3,43.6,90.04,0,33.3,,0,0,14.8,6.1,232.4,1032.3,72.3,15,11.3,0.1,0,10,Partially cloudy,partly-cloudy-day,
nantes,2023-12-12T10:00:00,47.4,44.5,44.7,90.29,0,33.3,rain,0,0,18.3,6,233.7,1033,78.9,15,17,0.1,0,10,Partially cloudy,partly-cloudy-day,
nantes,2023-12-12T11:00:00,50,46.7,45.8,85.42,0,33.3,,0,0,18.6,8.1,241.1,1033,54.3,15,67.7,0.3,1,10,Partially cloudy,partly-cloudy-day,
nantes,2023-12-12T12:00:00,52.6,52.6,46.8,80.89,0,33.3,,0,0,18.9,10.2,248.6,1033,29.6,15,118.3,0.4,1,10,Partially cloudy,partly-cloudy-day,
nantes,2023-12-12T13:00:00,55.1,55.1,47.9,76.66,0.004,33.3,rain,0,0,19.2,12.3,256,1033,5,15,169,0.6,2,10,Clear,clear-day,
nantes,2023-12-12T14:00:00,54.5,54.5,47.9,78.35,0,19,,0,0,19.7,11.9,252.1,1033,5,15,186.7,0.7,2,10,Clear,clear-day,
nantes,2023-12-12T15:00:00,53.9,53.9,47.9,80.08,0,19,,0,0,20.1,11.6,248.1,1033,5,15,204.3,0.7,2,10,Clear,clear-day,
nantes,2023-12-12T16:00:00,53.3,53.3,47.9,81.86,0,19,,0,0,20.6,11.2,244.2,1033,5,15,222,0.8,2,10,Clear,clear-day,
nantes,2023-12-12T17:00:00,51.6,51.6,47.3,85.13,0,19,,0,0,19.5,10,234.4,1033.3,36.1,15,154,0.6,2,10,Partially cloudy,partly-cloudy-day,
nantes,2023-12-12T18:00:00,49.8,46.3,46.6,88.57,0,19,,0,0,18.5,8.8,224.5,1033.7,67.2,15,86,0.3,0,10,Partially cloudy,partly-cloudy-night,
nantes,2023-12-12T19:00:00,48.1,44.6,45.9,92.19,0,19,,0,0,17.4,7.6,214.7,1034,98.3,15,18,0.1,0,10,Overcast,cloudy,
nantes,2023-12-12T20:00:00,48.8,45.6,46,89.94,0,23.8,,0,0,17.2,7.4,217.3,1034.3,75.8,15,12,0.1,0,10,Partially cloudy,partly-cloudy-night,
nantes,2023-12-12T21:00:00,49.6,46.6,46.1,87.76,0,23.8,,0,0,17,7.2,219.9,1034.7,53.3,15,6,0,0,10,Partially cloudy,partly-cloudy-night,
nantes,2023-12-12T22:00:00,50.3,50.3,46.1,85.63,0,23.8,,0,0,16.8,6.9,222.5,1035,30.8,15,0,0,0,10,Partially cloudy,partly-cloudy-night,
nantes,2023-12-12T23:00:00,50.3,50.3,46.5,86.61,0,23.8,,0,0,16.6,6.8,220.8,1035,53.9,15,0,0,0,10,Partially cloudy,partly-cloudy-night,
nantes,2023-12-13T00:00:00,50.4,50.4,46.9,87.6,0,23.8,,0,0,16.3,6.6,219.2,1035,76.9,15,0,0,0,10,Partially cloudy,partly-cloudy-night,
nantes,2023-12-13T01:00:00,50.4,50.4,47.2,88.6,0,23.8,,0,0,16.1,6.5,217.5,1035,100,15,0,0,0,10,Overcast,cloudy,
nantes,2023-12-13T02:00:00,50.5,50.5,47.2,88.4,0,9.5,,0,0,16.3,6.6,220,1034.7,96,15,0,0,0,10,Overcast,cloudy,
nantes,2023-12-13T03:00:00,50.6,50.6,47.2,88.21,0,9.5,,0,0,16.4,6.6,222.5,1034.3,92,15,0,0,0,10,Overcast,cloudy,
nantes,2023-12-13T04:00:00,50.6,50.6,47.2,88.01,0,9.5,,0,0,16.6,6.7,225,1034,88,15,0,0,0,10,Partially cloudy,partly-cloudy-night,
nantes,2023-12-13T05:00:00,49.7,47.1,46.6,88.77,0,9.5,,0,0,13,6.5,221.2,1034,92,15,0,0,0,10,Overcast,cloudy,
nantes,2023-12-13T06:00:00,48.8,46.1,45.9,89.53,0,9.5,,0,0,9.5,6.3,217.3,1034,96,15,0,0,0,10,Overcast,cloudy,
nantes,2023-12-13T07:00:00,47.9,45.2,45.2,90.31,0,9.5,,0,0,6,6,213.5,1034,100,15,0,0,0,10,Overcast,cloudy,
nantes,2023-12-13T08:00:00,48.5,45.9,45.3,88.51,0,23.8,,0,0,7.2,6.1,202.7,1034,92.6,15,4,0,0,10,Overcast,cloudy,
nantes,2023-12-13T09:00:00,49.1,46.5,45.3,86.74,0,23.8,,0,0,8.4,6.2,191.9,1034,85.1,15,8,0,0,10,Partially cloudy,partly-cloudy-day,
nantes,2023-12-13T10:00:00,49.7,47.2,45.4,85.02,0,23.8,,0,0,9.6,6.3,181.1,1034,77.7,15,12,0,0,10,Partially cloudy,partly-cloudy-day,
nantes,2023-12-13T11:00:00,51.7,51.7,45.5,79.19,0,23.8,,0,0,10.4,6.8,186.6,1033.7,54.8,15,72.3,0.2,1,10,Partially cloudy,partly-cloudy-day,
nantes,2023-12-13T12:00:00,53.7,53.7,45.5,73.8,0,23.8,,0,0,11.1,7.3,192.1,1033.3,31.8,15,132.7,0.5,1,10,Partially cloudy,partly-cloudy-day,
nantes,2023-12-13T13:00:00,55.7,55.7,45.6,68.82,0,23.8,,0,0,11.9,7.8,197.6,1033,8.9,15,193,0.7,2,10,Clear,clear-day,
nantes,2023-12-13T14:00:00,55.2,55.2,45.9,70.99,0,38.1,,0,0,11.7,7.5,191,1032.7,17.9,15,202.3,0.7,2,10,Clear,clear-day,
nantes,2023-12-13T15:00:00,54.7,54.7,46.3,73.23,0,38.1,,0,0,11.6,7.1,184.4,1032.3,27,15,211.7,0.8,2,10,Partially cloudy,partly-cloudy-day,
nantes,2023-12-13T16:00:00,54.2,54.2,46.7,75.54,0.004,38.1,rain,0,0,11.4,6.7,177.8,1032,36,15,221,0.8,2,10,Partially cloudy,partly-cloudy-day,
nantes,2023-12-13T17:00:00,52.2,52.2,46.1,79.59,0,38.1,,0,0,10.7,6.9,173.4,1032,25.7,15,152.7,0.6,2,10,Partially cloudy,partly-cloudy-day,
nantes,2023-12-13T18:00:00,50.2,50.2,45.5,83.89,0,38.1,,0,0,9.9,7,168.9,1032,15.3,15,84.3,0.3,0,10,Clear,clear-night,
nantes,2023-12-13T19:00:00,48.1,44.8,44.9,88.49,0,38.1,,0,0,9.2,7.2,164.5,1032,5,15,16,0.1,0,10,Clear,clear-night,
nantes,2023-12-13T20:00:00,47.3,43.9,44.4,89.67,0,28.6,,0,0,10.1,7.1,165.3,1031.7,4.8,15,10.7,0.1,0,10,Clear,clear-night,
nantes,2023-12-13T21:00:00,46.4,42.9,43.9,90.88,0,28.6,,0,0,11.1,7,166.1,1031.3,4.7,15,5.3,0,0,10,Clear,clear-night,
nantes,2023-12-13T22:00:00,45.6,41.9,43.4,92.1,0,28.6,,0,0,12.1,6.9,166.9,1031,4.5,15,0,0,0,10,Clear,clear-night,
nantes,2023-12-13T23:00:00,45.2,41.4,43.1,92.3,0,28.6,,0,0,11.6,6.9,168.4,1030.7,3.4,15,0,0,0,10,Clear,clear-night,
